TimestampAcc [ns];Metric
5256053110553422.0;1.3777157711257624
5256053120658213.0;1.3893173944329564
5256053130808891.0;1.4009120708071492
5256053140913682.0;1.4124997704899511
5256053151042849.0;1.4240804637672857
5256053161147641.0;1.4356541209695386
5256053171216599.0;1.447220712471707
5256053181351807.0;1.4587802086935484
5256053191459099.0;1.470332580099729
5256053201558266.0;1.48187779719997
5256053211642953.0;1.4934158305491945
5256053221721651.0;1.504946650747673
5256053231865713.0;1.51647022844117
5256053241981703.0;1.5279865343210917
5256053252061078.0;1.5394955391246308
5256053262183370.0;1.5509972136349086
5256053272264932.0;1.5624915286811198
5256053282375870.0;1.5739784551386755
5256053292477641.0;1.5854579639293487
5256053302597432.0;1.5969300260214174
5256053312683995.0;1.6083946124298079
5256053322803161.0;1.6198516942162382
5256053332919411.0;1.6313012424893618
5256053343006495.0;1.642743228404908
5256053353110713.0;1.6541776231658212
5256053363212901.0;1.6656043980223985
5256053373308057.0;1.6770235242724258
5256053383421703.0;1.688434973261317
5256053393527849.0;1.6998387163822548
5256053403631859.0;1.7112347250763273
5256053413734203.0;1.722622970832669
5256053423844568.0;1.7340034251885952
5256053433943109.0;1.7453760597297399
5256053444049255.0;1.756740846090191
5256053454156963.0;1.7680977559526245
5256053464260297.0;1.779446761048439
5256053474363786.0;1.7907878331578915
5256053484473786.0;1.8021209441102317
5256053494576338.0;1.8134460657838338
5256053504675557.0;1.824763170106333
5256053514778995.0;1.836072229054762
5256053524884099.0;1.8473732146556858
5256053534991963.0;1.8586660989853327
5256053545099984.0;1.8699508541697225
5256053555197849.0;1.8812274523848005
5256053565305870.0;1.892495865856566
5256053575411443.0;1.9037560668612012
5256053585512068.0;1.9150080277252044
5256053595613474.0;1.9262517208255197
5256053605719568.0;1.9374871185896676
5256053615827693.0;1.948714193495875
5256053625935818.0;1.9599329180732024
5256053636031495.0;1.9711432649016707
5256053646136911.0;1.982345206612388
5256053656244099.0;1.9935387158876763
5256053666348838.0;2.004723765461196
5256053676451078.0;2.0159003281180743
5256053686562068.0;2.0270683766950297
5256053696662484.0;2.0382278840804924
5256053706766651.0;2.0493788232147265
5256053716853943.0;2.060521167089955
5256053726982172.0;2.071654888750486
5256053737082536.0;2.082779961292842
5256053747187588.0;2.0938963578658774
5256053757289776.0;2.1050040516709023
5256053767395088.0;2.116103015961806
5256053777497797.0;2.127193224045178
5256053787608734.0;2.1382746492804308
5256053797717068.0;2.1493472650799172
5256053807824099.0;2.160411044909052
5256053817915245.0;2.1714659622864327
5256053828032120.0;2.1825119907839627
5256053838137276.0;2.1935491040269652
5256053848235193.0;2.2045772756942994
5256053858331391.0;2.2155964795184793
5256053868446651.0;2.226606689285791
5256053878543005.0;2.2376078788364118
5256053888654203.0;2.2486000220645255
5256053898777797.0;2.259583092918438
5256053908859880.0;2.2705570654006926
5256053918966443.0;2.2815219135681857
5256053929068318.0;2.292477611532284
5256053939178995.0;2.3034241334589356
5256053949275557.0;2.3143614535687873
5256053959385297.0;2.325289546137298
5256053969503630.0;2.336208385494853
5256053979583630.0;2.3471179460268736
5256053989695349.0;2.358018202173932
5256053999804880.0;2.368909128431863
5256054009903057.0;2.379790699351874
5256054020006391.0;2.3906628895406623
5256054030111911.0;2.4015256736605224
5256054040206599.0;2.4123790264294556
5256054050319307.0;2.423222922621278
5256054060442745.0;2.4340573370657292
5256054070529620.0;2.444882244648582
5256054080633370.0;2.455697620311751
5256054090739463.0;2.466503439053401
5256054100887484.0;2.4772996759280534
5256054110947484.0;2.488086306046691
5256054121054359.0;2.4988633045768633
5256054131151130.0;2.5096306467427945
5256054141264620.0;2.5203883078254887
5256054151364776.0;2.5311362631628325
5256054161466234.0;2.5418744881496935
5256054171568891.0;2.552602958238023
5256054181695141.0;2.563321648936953
5256054191789047.0;2.574030535812899
5256054201874203.0;2.5847295944896644
5256054211993370.0;2.595418800648542
5256054222119932.0;2.6060981300284163
5256054232224724.0;2.616767558425862
5256054242329568.0;2.6274270616952458
5256054252412953.0;2.6380766157488282
5256054262516234.0;2.6487161965568657
5256054272621026.0;2.6593457801477087
5256054282725818.0;2.6699653426078997
5256054292827953.0;2.6805748600822694
5256054302932797.0;2.6911743087740314
5256054313037641.0;2.7017636649448784
5256054323130974.0;2.7123429049150767
5256054333235818.0;2.7229120050635602
5256054343340661.0;2.733470941828025
5256054353461026.0;2.744019691705021
5256054363565818.0;2.7545582312500505
5256054373670661.0;2.7650865370776634
5256054383776859.0;2.7756045858615535
5256054393881651.0;2.786112354334649
5256054403986443.0;2.796609819289203
5256054414091755.0;2.807096957576886
5256054424196547.0;2.817573746108875
5256054434301338.0;2.8280401618559465
5256054444408109.0;2.838496181848567
5256054454512901.0;2.8489417831769823
5256054464617745.0;2.859376942991305
5256054474722224.0;2.8698016385016056
5256054484827068.0;2.880215846978
5256054494931911.0;2.8906195457507375
5256054505031963.0;2.9010127122102882
5256054515136755.0;2.9113953238074273
5256054525241599.0;2.9217673580533208
5256054535347588.0;2.932128792519611
5256054545452380.0;2.942479604838503
5256054555557224.0;2.952819772702849
5256054565661026.0;2.9631492738662324
5256054575765818.0;2.9734680861430522
5256054585870661.0;2.9837761874086084
5256054595974568.0;2.9940735555991846
5256054606079359.0;3.004360168712129
5256054616184203.0;3.014636004805933
5256054626288005.0;3.0249010420003124
5256054636392797.0;3.035155258476287
5256054646497641.0;3.0453986324762585
5256054656594099.0;3.0556311423040903
5256054666698943.0;3.065852766325186
5256054676803786.0;3.076063482966571
5256054686916755.0;3.0862632707169717
5256054697021547.0;3.0964521081268974
5256054707126391.0;3.1066299738087175
5256054717238578.0;3.1167968464367335
5256054727343370.0;3.126952704747256
5256054737448161.0;3.1370975275386788
5256054747549151.0;3.147231293671553
5256054757653943.0;3.157353982068662
5256054767758786.0;3.167465571715099
5256054777853630.0;3.1775660416583382
5256054787958474.0;3.1876553710083155
5256054798063266.0;3.197733538937499
5256054808189828.0;3.2078005246809633
5256054818294620.0;3.217856307536459
5256054828399463.0;3.2279008668644815
5256054838481286.0;3.2379341820883463
5256054848586078.0;3.2479562326942544
5256054858690870.0;3.2579669982313666
5256054868818005.0;3.2679664583118706
5256054878922849.0;3.277954592611052
5256054889027588.0;3.2879313808673656
5256054899108734.0;3.2978968028825077
5256054909213526.0;3.307850838521481
5256054919318318.0;3.317793467712657
5256054929434463.0;3.3277246704478425
5256054939539255.0;3.3376444267823397
5256054949644047.0;3.3475527168350125
5256054959730661.0;3.357449520788355
5256054969835505.0;3.3673348188885632
5256054979940349.0;3.3772085914456063
5256054990042536.0;3.3870708188332954
5256055000147380.0;3.3969214814893482
5256055010252224.0;3.4067605599154525
5256055020377068.0;3.41658803467733
5256055030481807.0;3.4264038864047968
5256055040586703.0;3.4362080957918266
5256055050664359.0;3.446000643596612
5256055060769151.0;3.4557815106416285
5256055070873995.0;3.4655506778136917
5256055080998838.0;3.475308126064011
5256055091103682.0;3.4850538364082446
5256055101208422.0;3.494787789926555
5256055111308786.0;3.504509967763667
5256055121413630.0;3.5142203511289285
5256055131518422.0;3.523918921296362
5256055141618682.0;3.5336056596047265
5256055151723474.0;3.543280547457576
5256055161828266.0;3.552943566323313
5256055171947224.0;3.562594697735238
5256055182052016.0;3.5722339232916007
5256055192156859.0;3.5818612246556563
5256055202230870.0;3.591476583555718
5256055212335713.0;3.6010799817852086
5256055222440505.0;3.610671401202709
5256055232554984.0;3.6202508237320115
5256055242659828.0;3.6298182313621727
5256055252764672.0;3.6393736061475623
5256055262904203.0;3.648916930207908
5256055273009099.0;3.6584481857283473
5256055283114047.0;3.6679673549594805
5256055293181651.0;3.6774744202174245
5256055303286599.0;3.686969363883864
5256055313391495.0;3.6964521684060996
5256055323495245.0;3.705922816297096
5256055333600193.0;3.7153812901355243
5256055343705088.0;3.724827572565807
5256055353808161.0;3.7342616462981577
5256055363913109.0;3.7436834941086174
5256055374018005.0;3.7530930988391034
5256055384131807.0;3.7624904433974513
5256055394236703.0;3.771875510757462
5256055404341651.0;3.7812482839589427
5256055414439099.0;3.7906087461077447
5256055424544047.0;3.7999568803758073
5256055434648943.0;3.8092926700012
5256055444752641.0;3.8186160982881603
5256055454857536.0;3.8279271486071345
5256055464962484.0;3.837225804394823
5256055475071703.0;3.846512049154228
5256055485176599.0;3.8557858664546956
5256055495281547.0;3.865047239931954
5256055505381495.0;3.874296153288153
5256055515486391.0;3.883532590291905
5256055525591338.0;3.8927565347783197
5256055535696495.0;3.901967970649038
5256055545801443.0;3.9111668818722642
5256055555906338.0;3.9203532524828035
5256055566006807.0;3.929527066582095
5256055576111703.0;3.938688308338238
5256055586216651.0;3.947836961986026
5256055596323891.0;3.9569730118269857
5256055606428838.0;3.9660964422294076
5256055616533734.0;3.975207237628379
5256055626632328.0;3.9843053825258226
5256055636737276.0;3.993390861490526
5256055646842172.0;4.002463659158168
5256055656948682.0;4.011523760231346
5256055667053578.0;4.020571149479609
5256055677158526.0;4.02960581173948
5256055687266651.0;4.038627731914489
5256055697371599.0;4.047636894975189
5256055707476495.0;4.056633285959191
5256055717595766.0;4.065616889971193
5256055727700661.0;4.07458769218301
5256055737805609.0;4.083545677833603
5256055747901391.0;4.092490832229108
5256055758006286.0;4.1014231407428685
5256055768111234.0;4.110342588815461
5256055778209828.0;4.1192491619547145
5256055788314724.0;4.128142845735729
5256055798419672.0;4.137023625800905
5256055808526182.0;4.145891487859965
5256055818631130.0;4.154746417689973
5256055828736026.0;4.163588401135369
5256055838835557.0;4.172417424107989
5256055848940453.0;4.1812334725870794
5256055859045453.0;4.190036532619322
5256055869154203.0;4.198826590318857
5256055879259099.0;4.207603631867309
5256055889364047.0;4.216367643513811
5256055899460870.0;4.225118611575022
5256055909565951.0;4.233856522435142
5256055919670898.0;4.242581362545925
5256055929773971.0;4.251293118426704
5256055939878919.0;4.259991776664406
5256055949983815.0;4.268677323913571
5256055960081003.0;4.277349746896372
5256055970185898.0;4.286009032402631
5256055980290846.0;4.294655167289831
5256055990401784.0;4.303288138483135
5256056000506732.0;4.3119079329753935
5256056010611628.0;4.320514537827164
5256056020736628.0;4.329107940166728
5256056030841523.0;4.3376881271900976
5256056040946419.0;4.346255086161032
5256056051033138.0;4.354808804411053
5256056061138086.0;4.363349269339447
5256056071242982.0;4.371876468413279
5256056081396784.0;4.380390389167405
5256056091501680.0;4.38889101920449
5256056101606628.0;4.3973783461950156
5256056111644596.0;4.405852357877297
5256056121749492.0;4.414313042057486
5256056131854440.0;4.422760386609589
5256056141970742.0;4.431194379475475
5256056152075690.0;4.439615008664887
5256056162180586.0;4.448022262255453
5256056172279076.0;4.456416128392682
5256056182383971.0;4.464796595289979
5256056192488919.0;4.473163651228642
5256056202593034.0;4.481517284557878
5256056212697982.0;4.489857483694802
5256056222802878.0;4.498184237124448
5256056232928659.0;4.50649753339977
5256056243033555.0;4.514797361141643
5256056253138503.0;4.523083709038869
5256056263236315.0;4.531356565848175
5256056273340794.0;4.53961592039422
5256056283445273.0;4.547861761569593
5256056293542148.0;4.556094078334817
5256056303646628.0;4.564312859718339
5256056313751107.0;4.572518094816538
5256056323852669.0;4.580709772793715
5256056333957148.0;4.588887882882102
5256056344061628.0;4.597052414381868
5256056354157148.0;4.605203356661112
5256056364261628.0;4.613340699155871
5256056374366107.0;4.621464431370126
5256056384488138.0;4.629574542875795
5256056394592617.0;4.637671023312729
5256056404697096.0;4.645753862388704
5256056414794961.0;4.653823049879408
5256056424899440.0;4.6618785756284336
5256056435003919.0;4.66992042954727
5256056445109232.0;4.677948601615308
5256056455213711.0;4.685963081879828
5256056465318190.0;4.693963860455996
5256056475410169.0;4.701950927526843
5256056485514648.0;4.70992427334326
5256056495619128.0;4.717883888224
5256056505746055.0;4.725829762555668
5256056515850534.0;4.733761886792715
5256056525955013.0;4.741680251457426
5256056536045794.0;4.749584847139906
5256056546150273.0;4.757475664498073
5256056556254753.0;4.7653526942576425
5256056566367357.0;4.773215927212116
5256056576471836.0;4.781065354222775
5256056586576315.0;4.7889009662186615
5256056596687253.0;4.796722754196572
5256056606791732.0;4.80453070922104
5256056616896211.0;4.812324822424329
5256056626988815.0;4.820105085006417
5256056637093294.0;4.827871488234979
5256056647197773.0;4.835624023445372
5256056657302253.0;4.843362682040627
5256056667406732.0;4.851087455491434
5256056677511211.0;4.858798335336136
5256056687623190.0;4.86649531318071
5256056697727669.0;4.874178380698751
5256056707832148.0;4.881847529631457
5256056717933815.0;4.889502751787617
5256056728038294.0;4.897144039043596
5256056738142773.0;4.90477138334332
5256056748256732.0;4.912384776698264
5256056758361211.0;4.919984211187437
5256056768465690.0;4.927569678957358
5256056778563086.0;4.935141172222043
5256056788667565.0;4.942698683262982
5256056798772044.0;4.950242204429127
5256056808894336.0;4.9577717281368665
5256056818998815.0;4.965287246870006
5256056829103294.0;4.972788753179754
5256056839191940.0;4.9802762396846925
5256056849296419.0;4.9877496990707515
5256056859400898.0;4.995209124091184
5256056869508503.0;5.002654507566544
5256056879612982.0;5.010085842384673
5256056889717461.0;5.017503121500671
5256056899834961.0;5.024906337936877
5256056909939440.0;5.032295484782844
5256056920043867.0;5.039670555195312
5256056930136628.0;5.047031542398188
5256056940241107.0;5.054378439682521
5256056950345586.0;5.061711240406476
5256056960428815.0;5.069029937995305
5256056970533294.0;5.076334525941322
5256056980637773.0;5.083624997803872
5256056990768711.0;5.090901347209305
5256057000873190.0;5.098163567850948
5256057010977669.0;5.105411653489069
5256057021048711.0;5.112645597950857
5256057031153190.0;5.1198653951303985
5256057041257669.0;5.127071038988641
5256057051405169.0;5.134262523553355
5256057061509648.0;5.141439842919101
5256057071614128.0;5.148602991247194
5256057081712461.0;5.15575196276568
5256057091816940.0;5.162886751769306
5256057101921419.0;5.170007352619481
5256057112031836.0;5.177113759744247
5256057122136315.0;5.184205967638245
5256057132240794.0;5.191283970862677
5256057142326003.0;5.198347764045276
5256057152430482.0;5.205397341880263
5256057162534961.0;5.212432699128317
5256057172654753.0;5.219453830616536
5256057182759232.0;5.226460731238415
5256057192863711.0;5.233453395953813
5256057202954544.0;5.240431819788924
5256057213059023.0;5.247395997836243
5256057223163503.0;5.254345925254533
5256057233260065.0;5.261281597268788
5256057243364544.0;5.268203009170193
5256057253469023.0;5.275110156316089
5256057263586471.0;5.282003034129932
5256057273691003.0;5.288881638101262
5256057283795534.0;5.295745963785656
5256057293908086.0;5.302596006804688
5256057304012617.0;5.309431762845894
5256057314117148.0;5.316253227662728
5256057324208294.0;5.323060397074522
5256057334312826.0;5.329853266966436
5256057344417357.0;5.336631833289418
5256057354525638.0;5.343396092060158
5256057364630169.0;5.350146039361047
5256057374734701.0;5.356881671340141
5256057384842044.0;5.363602984211117
5256057394946576.0;5.370309974253229
5256057405051107.0;5.377002637811263
5256057415154648.0;5.383680971295499
5256057425259180.0;5.390344971181653
5256057435363711.0;5.396994634010833
5256057445464336.0;5.403629956389485
5256057455568867.0;5.410250934989362
5256057465673398.0;5.416857566547465
5256057475791888.0;5.423449847866005
5256057485896419.0;5.430027775812354
5256057496000951.0;5.436591347319011
5256057506104128.0;5.443140559383549
5256057516208659.0;5.4496754090685595
5256057526313190.0;5.456195893501592
5256057536411523.0;5.462702009875101
5256057546516055.0;5.469193755446397
5256057556620586.0;5.475671127537601
5256057566734648.0;5.482134123535594
5256057576839180.0;5.488582740891959
5256057586943711.0;5.495016977122943
5256057597037044.0;5.501436829809395
5256057607141576.0;5.507842296596723
5256057617246107.0;5.514233375194833
5256057627358294.0;5.520610063378078
5256057637462826.0;5.526972358985204
5256057647567357.0;5.5333202599193
5256057657678086.0;5.539653764147747
5256057667782617.0;5.545972869702172
5256057677887148.0;5.552277574678403
5256057687984440.0;5.55856787723641
5256057698088971.0;5.564843775600252
5256057708193503.0;5.5711052680580195
5256057718269857.0;5.577352352961782
5256057728374388.0;5.5835850287275335
5256057738478919.0;5.589803293835136
5256057748607305.0;5.596007146828264
5256057758711836.0;5.602196586314354
5256057768816367.0;5.608371610964533
5256057778924336.0;5.614532219513568
5256057789028867.0;5.620678410759802
5256057799133398.0;5.6268101835651025
5256057809223398.0;5.632927536854798
5256057819327930.0;5.639030469617627
5256057829432461.0;5.645118980905676
5256057839542878.0;5.651193069834318
5256057849647409.0;5.657252735582159
5256057859751940.0;5.663297977390977
5256057869886211.0;5.6693287945656525
5256057879990742.0;5.675345186474109
5256057890095273.0;5.681347152547255
5256057900180794.0;5.687334692278929
5256057910285326.0;5.693307805225837
5256057920389857.0;5.699266491007494
5256057930489857.0;5.705210749306163
5256057940594388.0;5.711140579866791
5256057950698919.0;5.717055982496943
5256057960834648.0;5.722956957066727
5256057970939180.0;5.728843503508741
5256057981043711.0;5.734715621818007
5256057991102148.0;5.740573312051917
5256058001206732.0;5.746416574330172
5256058011311263.0;5.75224540883472
5256058021429648.0;5.758059815809687
5256058031534180.0;5.763859795561301
5256058041638711.0;5.769645348457831
5256058051746628.0;5.775416474929506
5256058061851159.0;5.781173175468446
5256058071955690.0;5.786915450628587
5256058082040378.0;5.79264330102561
5256058092144909.0;5.7983567273368735
5256058102249440.0;5.804055730301357
5256058112370794.0;5.809740310719583
5256058122475326.0;5.815410469453543
5256058132579857.0;5.821066207426625
5256058142682305.0;5.826707525623554
5256058152786836.0;5.83233442509032
5256058162891367.0;5.837946906934115
5256058173012878.0;5.8435449723232695
5256058183117409.0;5.849128622487176
5256058193221940.0;5.854697858716215
5256058203304648.0;5.860252682361684
5256058213409180.0;5.865793094835717
5256058223513711.0;5.871319097611214
5256058233610586.0;5.87683069222176
5256058243715117.0;5.882327880261561
5256058253819648.0;5.887810663385371
5256058263943919.0;5.893279043308416
5256058274048555.0;5.898733021806313
5256058284153138.0;5.904172600714999
5256058294259336.0;5.909597781930648
5256058304363971.0;5.915008567409609
5256058314468555.0;5.920404959168332
5256058324571107.0;5.925786959283295
5256058334675742.0;5.931154569890941
5256058344780326.0;5.936507793187596
5256058354876940.0;5.941846631429387
5256058364981576.0;5.9471710869321575
5256058375086159.0;5.952481162071392
5256058385198398.0;5.957776859282144
5256058395302982.0;5.963058181058954
5256058405407617.0;5.968325129955779
5256058415507773.0;5.97357770858592
5256058425612409.0;5.978815919621943
5256058435716992.0;5.984039765795596
5256058445825794.0;5.9892492498977346
5256058455930430.0;5.994444374778243
5256058466035013.0;5.9996251433459555
5256058476139753.0;6.004791558568581
5256058486244388.0;6.009943623472626
5256058496348971.0;6.015081341143315
5256058506457721.0;6.020204714724493
5256058516562357.0;6.025313747418551
5256058526666940.0;6.030408442486337
5256058536765482.0;6.035488803247077
5256058546870117.0;6.040554833078293
5256058556974701.0;6.045606535415726
5256058567086888.0;6.050643913753267
5256058577191523.0;6.055666971642876
5256058587296107.0;6.060675712694498
5256058597391576.0;6.0656701405759685
5256058607496211.0;6.07065025901293
5256058617600794.0;6.075616071788745
5256058627700898.0;6.080567582744416
5256058637805534.0;6.085504795778509
5256058647910117.0;6.090427714847083
5256058658021628.0;6.095336343963597
5256058668126263.0;6.100230687198833
5256058678230846.0;6.10511074868081
5256058688335378.0;6.109976532594706
5256058698439961.0;6.114828043182774
5256058708544596.0;6.11966528474426
5256058718632357.0;6.12448826163533
5256058728736992.0;6.129296978268988
5256058738841576.0;6.134091439114978
5256058748956315.0;6.138871648699694
5256058759060951.0;6.143637611606091
5256058769165534.0;6.148389332473594
5256058779261523.0;6.1531268159980135
5256058789366159.0;6.1578500669314655
5256058799470742.0;6.1625590900822855
5256058809588086.0;6.167253890314945
5256058819692721.0;6.17193447254997
5256058829797305.0;6.176600841763857
5256058839902669.0;6.181253002988985
5256058850007305.0;6.185890961313525
5256058860111888.0;6.190514721881357
5256058870220690.0;6.195124289891982
5256058880325326.0;6.199719670600434
5256058890429909.0;6.2043008693171835
5256058900547669.0;6.2088678914080475
5256058910652253.0;6.213420742294108
5256058920756836.0;6.217959427451633
5256058930862878.0;6.222483952411989
5256058940967461.0;6.226994322761567
5256058951072096.0;6.23149054414169
5256058961157773.0;6.235972622248526
5256058971262409.0;6.240440562833002
5256058981366992.0;6.244894371700721
5256058991500690.0;6.249334054711881
5256059001605326.0;6.253759617781189
5256059011709909.0;6.258171066877781
5256059021799440.0;6.262568408025123
5256059031904076.0;6.266951647300923
5256059042008659.0;6.27132079083704
5256059052108971.0;6.275675844819398
5256059062213607.0;6.280016815487903
5256059072318190.0;6.284343709136353
5256059082429128.0;6.288656532112357
5256059092533763.0;6.292955290817238
5256059102638346.0;6.2972399917059425
5256059112740378.0;6.301510641286948
5256059122844961.0;6.305767246122168
5256059132949596.0;6.310009812826865
5256059143046628.0;6.314238348069554
5256059153151263.0;6.318452858571908
5256059163255846.0;6.322653351108662
5256059173345221.0;6.326839832507516
5256059183449857.0;6.331012309649046
5256059193554440.0;6.335170789466616
5256059203669544.0;6.339315278946277
5256059213774180.0;6.343445785126676
5256059223878763.0;6.3475623150989655
5256059233981211.0;6.3516648760067085
5256059244085846.0;6.355753475045784
5256059254190430.0;6.359828119464289
5256059264297721.0;6.363888816562447
5256059274402305.0;6.367935573692518
5256059284506888.0;6.371968398258709
5256059294616107.0;6.375987297717082
5256059304720690.0;6.379992279575455
5256059314825273.0;6.383983351393309
5256059324930221.0;6.387960520781697
5256059335034805.0;6.391923795403149
5256059345139388.0;6.395873182971575
5256059355238503.0;6.3998086912521766
5256059365343086.0;6.403730328061355
5256059375447669.0;6.4076381012666115
5256059385553815.0;6.41153201878644
5256059395658398.0;6.4154120885902355
5256059405762982.0;6.419278318698188
5256059415869388.0;6.423130717181193
5256059425973971.0;6.426969292160761
5256059436078555.0;6.430794051808915
5256059446175482.0;6.434605004348092
5256059456280065.0;6.43840215805104
5256059466384648.0;6.442185521240719
5256059476507669.0;6.445955102290209
5256059486612253.0;6.449710909622612
5256059496716836.0;6.45345295171096
5256059506817878.0;6.457181237078099
5256059516922461.0;6.460895774296591
5256059527027044.0;6.464596571988615
5256059537135898.0;6.468283638825866
5256059547240482.0;6.471956983529466
5256059557345065.0;6.475616614869857
5256059567442565.0;6.479262541666699
5256059577547148.0;6.482894772788768
5256059587651732.0;6.48651331715385
5256059597749232.0;6.490118183728644
5256059607853815.0;6.493709381528642
5256059617958398.0;6.4972869196180385
5256059628066003.0;6.500850807109626
5256059638170586.0;6.504401053164703
5256059648275169.0;6.507937666992977
5256059658387305.0;6.511460657852454
5256059668491888.0;6.514970035049331
5256059678596471.0;6.518465807937887
5256059688689023.0;6.521947985920378
5256059698793607.0;6.525416578446945
5256059708898190.0;6.528871595015497
5256059719001315.0;6.532313045171607
5256059729105898.0;6.535740938508409
5256059739210534.0;6.5391552846664975
5256059749314648.0;6.542556093333827
5256059759419232.0;6.545943374245622
5256059769523815.0;6.549317137184273
5256059779615951.0;6.55267739197923
5256059789720534.0;6.556024148506888
5256059799825117.0;6.559357416690498
5256059809950898.0;6.562677206500058
5256059820055482.0;6.5659835279522225
5256059830160065.0;6.569276391110217
5256059840267565.0;6.57255580608373
5256059850372148.0;6.575821783028796
5256059860476732.0;6.579074332147691
5256059870574805.0;6.582313463688827
5256059880679388.0;6.585539187946651
5256059890783971.0;6.588751515261563
5256059900933190.0;6.591950456019816
5256059911037773.0;6.595136020653406
5256059921142357.0;6.598308219639964
5256059931204023.0;6.601467063502643
5256059941308607.0;6.604612562810009
5256059951413190.0;6.607744728175942
5256059961553607.0;6.610863570259522
5256059971658190.0;6.613969099764927
5256059981762773.0;6.6170613274413315
5256059991833190.0;6.6201402640828
5256060001937773.0;6.623205920528187
5256060012042357.0;6.626258307661026
5256060022125065.0;6.629297436409447
5256060032229648.0;6.632323317746058
5256060042334232.0;6.635335962687849
5256060052444128.0;6.638335382296068
5256060062548711.0;6.6413215876761225
5256060072653294.0;6.644294589977482
5256060082787878.0;6.647254400393576
5256060092892461.0;6.65020103016168
5256060102997044.0;6.653134490562819
5256060113093555.0;6.656054792921654
5256060123198138.0;6.658961948606371
5256060133302721.0;6.661855969028582
5256060143390482.0;6.664736865643209
5256060153495065.0;6.66760464994839
5256060163599648.0;6.670459333485371
5256060173714440.0;6.673300927838382
5256060183819023.0;6.676129444634526
5256060193923607.0;6.678944895543658
5256060204033086.0;6.681747292278281
5256060214137669.0;6.684536646593436
5256060224242253.0;6.687312970286598
5256060234347357.0;6.690076275197562
5256060244451940.0;6.692826573208347
5256060254556523.0;6.6955638762430825
5256060264630482.0;6.6982881962679075
5256060274735117.0;6.700999545290867
5256060284839701.0;6.7036979353618
5256060294979232.0;6.706383378572224
5256060305083815.0;6.709055887055222
5256060315188398.0;6.7117154729853405
5256060325285794.0;6.7143621485784815
5256060335390378.0;6.716995926091792
5256060345494961.0;6.7196168178235585
5256060355603086.0;6.722224836113094
5256060365707669.0;6.7248199933406365
5256060375812253.0;6.72740230192724
5256060385914336.0;6.72997177433467
5256060396018919.0;6.732528423065309
5256060406123503.0;6.735072260662049
5256060416232565.0;6.737603299708176
5256060426337148.0;6.740121552827264
5256060436441732.0;6.742627032683077
5256060446539961.0;6.745119751979455
5256060456644544.0;6.747599723460222
5256060466749180.0;6.75006695990908
5256060476862565.0;6.752521474149499
5256060486967148.0;6.754963279044603
5256060497071732.0;6.757392387497056
5256060507162773.0;6.759808812448952
5256060517267357.0;6.7622125668816935
5256060527371940.0;6.764603663815883
5256060537484023.0;6.766982116311212
5256060547588607.0;6.769347937466339
5256060557693190.0;6.771701140418781
5256060567798711.0;6.774041738344796
5256060577903294.0;6.776369744459278
5256060588007878.0;6.778685172015661
5256060598114232.0;6.780988034305804
5256060608218815.0;6.783278344659892
5256060618323398.0;6.785556116446316
5256060628432148.0;6.787821363071566
5256060638536732.0;6.790074097980118
5256060648641315.0;6.792314334654323
5256060658757669.0;6.79454208661428
5256060668862253.0;6.796757367417724
5256060678966836.0;6.798960190659924
5256060689052357.0;6.8011505699735775
5256060699156940.0;6.803328519028716
5256060709261523.0;6.8054940515326035
5256060719366211.0;6.807647181229625
5256060729470794.0;6.8097879219011785
5256060739575378.0;6.811916287365572
5256060749674648.0;6.814032291477932
5256060759779232.0;6.816135948130099
5256060769883815.0;6.818227271250531
5256060779983398.0;6.82030627480417
5256060790087982.0;6.822372972792343
5256060800192565.0;6.824427379252654
5256060810295742.0;6.826469508258867
5256060820400326.0;6.828499373920813
5256060830504909.0;6.830516990384282
5256060840608294.0;6.832522371830919
5256060850712878.0;6.834515532478104
5256060860817461.0;6.836496486578849
5256060870951523.0;6.838465248421689
5256060881056107.0;6.84042183233056
5256060891160690.0;6.84236625266468
5256060901252565.0;6.844298523818428
5256060911357096.0;6.846218660221234
5256060921461732.0;6.848126676337459
5256060931554232.0;6.8500225866662925
5256060941658815.0;6.851906405741646
5256060951763398.0;6.8537781481320454
5256060961865378.0;6.855637828440516
5256060971969961.0;6.857485461304476
5256060982074544.0;6.859321061395631
5256060992183971.0;6.861144643419861
5256061002288555.0;6.862956222117111
5256061012393138.0;6.864755812261285
5256061022516003.0;6.866543428660129
5256061032620586.0;6.868319086155121
5256061042725169.0;6.870082799621346
5256061052827201.0;6.871834583967387
5256061062931784.0;6.873574454135219
5256061073036367.0;6.875302425100098
5256061083152669.0;6.877018511870442
5256061093257253.0;6.878722729487706
5256061103361836.0;6.880415093026258
5256061113443971.0;6.882095617593272
5256061123548555.0;6.883764318328602
5256061133653138.0;6.885421210404672
5256061143753815.0;6.887066309026359
5256061153858398.0;6.888699629430871
5256061163962982.0;6.890321186887629
5256061174071107.0;6.891930996698162
5256061184175690.0;6.8935290741960005
5256061194280273.0;6.895115434746569
5256061204382773.0;6.896690093747051
5256061214487357.0;6.898253066626283
5256061224591940.0;6.899804368844642
5256061234699440.0;6.901344015893934
5256061244804023.0;6.902872023297272
5256061254908607.0;6.904388406608961
5256061265012305.0;6.9058931814143865
5256061275117096.0;6.907386363329904
5256061285221940.0;6.908867968002722
5256061295326888.0;6.910338011110808
5256061305431784.0;6.911796508362782
5256061315536576.0;6.913243475497807
5256061325640430.0;6.914678928285457
5256061335745326.0;6.916102882525617
5256061345850117.0;6.917515354048372
5256061355952201.0;6.918916358713903
5256061366057044.0;6.920305912412384
5256061376161836.0;6.921684031063864
5256061386274805.0;6.923050730618172
5256061396379648.0;6.924406027054793
5256061406484388.0;6.925749936382758
5256061416580482.0;6.927082474640528
5256061426685326.0;6.928403657895885
5256061436790065.0;6.9297135022457965
5256061446893659.0;6.9310120238163115
5256061456998503.0;6.932299238762429
5256061467103294.0;6.933575163268
5256061477218086.0;6.934839813545627
5256061487322930.0;6.936093205836539
5256061497427669.0;6.937335356410476
5256061507521940.0;6.9385662815655715
5256061517626784.0;6.939785997628229
5256061527731576.0;6.940994520953013
5256061537841836.0;6.942191867922547
5256061547946680.0;6.943378054947397
5256061558051471.0;6.944553098465958
5256061568160169.0;6.945717014944348
5256061578265013.0;6.946869820876293
5256061588369753.0;6.948011532783019
5256061598466628.0;6.949142167213152
5256061608571419.0;6.9502617407426035
5256061618676263.0;6.951370269974457
5256061628781367.0;6.952467771538866
5256061638886211.0;6.95355426209296
5256061648991055.0;6.954629758320723
5256061659073815.0;6.955694276932898
5256061669178659.0;6.956747834666866
5256061679283451.0;6.957790448286538
5256061689407982.0;6.958822134582242
5256061699512826.0;6.959842910370625
5256061709617617.0;6.960852792494535
5256061719742669.0;6.961851797822895
5256061729847513.0;6.962839943250593
5256061739952253.0;6.963817245698355
5256061750027305.0;6.964783722112618
5256061760132148.0;6.965739389465431
5256061770236940.0;6.966684264754346
5256061780366367.0;6.967618365002314
5256061790471211.0;6.9685417072575655
5256061800576003.0;6.969454308593513
5256061810661315.0;6.970356186108632
5256061820766107.0;6.971247356926342
5256061830870951.0;6.972127838194895
5256061840982669.0;6.972997647087263
5256061851087513.0;6.9738568008010215
5256061861192253.0;6.974705316558248
5256061871316055.0;6.975543211605396
5256061881420898.0;6.976370503213188
5256061891525690.0;6.9771872086764954
5256061901601576.0;6.977993345314231
5256061911706419.0;6.978788930469238
5256061921811211.0;6.979573981508184
5256061931946159.0;6.98034851582145
5256061942051003.0;6.981112550823023
5256061952155794.0;6.981866103950391
5256061962222513.0;6.982609192664422
5256061972327357.0;6.983341834449256
5256061982432148.0;6.984064046812179
5256061992553294.0;6.9847758472835295
5256062002658138.0;6.985477253416597
5256062012762878.0;6.98616828278751
5256062022894232.0;6.986848952995121
5256062032999076.0;6.987519281660912
5256062043103919.0;6.9881792864288785
5256062053191784.0;6.98882898496542
5256062063296628.0;6.9894683949592435
5256062073401471.0;6.990097534121245
5256062083486471.0;6.990716420184406
5256062093591315.0;6.991325070903671
5256062103696107.0;6.991923504055827
5256062113788815.0;6.992511737439402
5256062123893659.0;6.993089788874551
5256062133998398.0;6.993657676202938
5256062144118555.0;6.994215417287625
5256062154223346.0;6.994763030012974
5256062164328138.0;6.995300532284537
5256062174431419.0;6.995827942028951
5256062184536263.0;6.996345277193831
5256062194641055.0;6.996852555747647
5256062204741680.0;6.997349795679614
5256062214846576.0;6.997837014999585
5256062224951367.0;6.998314231737939
5256062235067044.0;6.998781463945472
5256062245171888.0;6.999238729693306
5256062255276680.0;6.999686047072771
5256062265351055.0;7.000123434195295
5256062275455898.0;7.000550909192299
5256062285560690.0;7.000968490215087
5256062295696003.0;7.001376195434723
5256062305800846.0;7.001774043041927
5256062315905638.0;7.002162051246952
5256062326006523.0;7.002540238279484
5256062336111315.0;7.002908622388529
5256062346216159.0;7.003267221842305
5256062356310742.0;7.003616054928128
5256062366415638.0;7.003955139952297
5256062376520430.0;7.00428449523998
5256062386639336.0;7.004604139135098
5256062396744180.0;7.004914090000228
5256062406848971.0;7.005214366216487
5256062416944909.0;7.005504986183427
5256062427049753.0;7.00578596831893
5256062437154544.0;7.006057331059109
5256062447256315.0;7.006319092858183
5256062457361159.0;7.006571272188365
5256062467465951.0;7.006813887539755
5256062477582253.0;7.007046957420221
5256062487687096.0;7.0072705003552995
5256062497791836.0;7.007484534888081
5256062507886055.0;7.0076890795791185
5256062517990846.0;7.007884153006311
5256062528095690.0;7.008069773764805
5256062538198503.0;7.008245960466872
5256062548303346.0;7.0084127317417995
5256062558408138.0;7.008570106235773
5256062568514336.0;7.008718102611759
5256062578619128.0;7.008856739549401
5256062588723971.0;7.008986035744904
5256062598827148.0;7.009106009910919
5256062608931940.0;7.0092166807764364
5256062619036784.0;7.009318067086672
5256062629141628.0;7.009410187602964
5256062639246419.0;7.009493061102664
5256062649351263.0;7.009566706379023
5256062659459909.0;7.009631142241084
5256062669564753.0;7.009686387513569
5256062679669596.0;7.009732461036763
5256062689762513.0;7.009769381666404
5256062699867357.0;7.0097971682735665
5256062709972148.0;7.009815839744563
5256062720101628.0;7.0098254149808366
5256062730206471.0;7.009825912898846
5256062740311263.0;7.0098173524299465
5256062750385326.0;7.009799752520292
5256062760490221.0;7.009773132130717
5256062770595013.0;7.009737510236628
5256062780723867.0;7.009692905827907
5256062790828659.0;7.009639337908797
5256062800933503.0;7.009576825497798
5256062811023086.0;7.009505387627558
5256062821127930.0;7.009425043344765
5256062831232669.0;7.009335811710031
5256062841385742.0;7.009237711797773
5256062851490586.0;7.009130762696117
5256062861595378.0;7.009014983506788
5256062871643555.0;7.008890393344998
5256062881748398.0;7.008757011339327
5256062891853190.0;7.008614856631613
5256062901977513.0;7.00846394837684
5256062912082357.0;7.008304305743008
5256062922187201.0;7.0081359479110334
5256062932288034.0;7.007958894074638
5256062942392878.0;7.007773163440242
5256062952497669.0;7.007578775226869
5256062962594336.0;7.007375748666029
5256062972699180.0;7.007164103001616
5256062982803919.0;7.006943857489789
5256062992911315.0;7.006715031398864
5256063003016159.0;7.0064776440092
5256063013120898.0;7.006231714613092
5256063023212826.0;7.00597726251466
5256063033317721.0;7.005714307029761
5256063043422513.0;7.005442867485874
5256063053534961.0;7.005162963221998
5256063063639805.0;7.004874613588529
5256063073744596.0;7.004577837947148
5256063083840951.0;7.0042726556707064
5256063093945846.0;7.003959086143122
5256063104050638.0;7.003637148759263
5256063114152357.0;7.00330686292484
5256063124257201.0;7.002968248056298
5256063134361992.0;7.002621323580705
5256063144476003.0;7.002266108935643
5256063154580794.0;7.001902623569109
5256063164685638.0;7.001530886939413
5256063174789336.0;7.001150918515069
5256063184894180.0;7.000762737774689
5256063194998971.0;7.00036636420688
5256063205116263.0;6.999961817310141
5256063215221107.0;6.9995491165927435
5256063225325951.0;6.999128281572621
5256063235418919.0;6.998699331777261
5256063245523711.0;6.99826228674359
5256063255628555.0;6.997817166017861
5256063265722982.0;6.997363989155547
5256063275827826.0;6.996902775721226
5256063285932617.0;6.996433545288484
5256063296045482.0;6.995956317439797
5256063306150326.0;6.995471111766433
5256063316255117.0;6.994977947868341
5256063326361836.0;6.994476845354042
5256063336466680.0;6.99396782384052
5256063346571471.0;6.993450902953106
5256063356669388.0;6.99292610232538
5256063366774232.0;6.992393441599066
5256063376879076.0;6.991852940423935
5256063386987982.0;6.9913046184577
5256063397092826.0;6.990748495365909
5256063407197617.0;6.99018459082184
5256063417305065.0;6.989612924506396
5256063427409909.0;6.989033516107995
5256063437514701.0;6.988446385322469
5256063447618138.0;6.9878515518529625
5256063457722982.0;6.987249035409818
5256063467827773.0;6.986638855710456
5256063477932773.0;6.986021032479268
5256063488037617.0;6.985395585447496
5256063498142409.0;6.984762534353135
5256063508242044.0;6.984121898940832
5256063518346888.0;6.983473698961764
5256063528451680.0;6.982817954173542
5256063538552982.0;6.982154684340117
5256063548657826.0;6.981483909231671
5256063558762617.0;6.980805648624498
5256063568875065.0;6.980119922300895
5256063578979857.0;6.979426750049045
5256063589084648.0;6.97872615166291
5256063599183711.0;6.978018146942132
5256063609288555.0;6.9773027556919285
5256063619393294.0;6.976579997722991
5256063629499544.0;6.975849892851378
5256063639604336.0;6.9751124608984005
5256063649709128.0;6.974367721690515
5256063659790690.0;6.973615695059226
5256063669895482.0;6.9728564008409775
5256063680000326.0;6.972089858877058
5256063690113763.0;6.971316089013501
5256063700218607.0;6.970535111100971
5256063710323451.0;6.96974694499464
5256063720447669.0;6.968951610554079
5256063730552513.0;6.968149127643166
5256063740657305.0;6.967339516129968
5256063750771315.0;6.96652279588664
5256063760876107.0;6.965698986789295
5256063770980951.0;6.964868108717919
5256063781086836.0;6.964030181556251
5256063791191680.0;6.963185225191698
5256063801296419.0;6.962333259515231
5256063811397826.0;6.961474304421285
5256063821502669.0;6.960608379807661
5256063831607461.0;6.959735505575417
5256063841705794.0;6.958855701628779
5256063851810638.0;6.957968987875029
5256063861915430.0;6.957075384224412
5256063872048711.0;6.956174910590038
5256063882153503.0;6.95526758688777
5256063892258294.0;6.9543534330361165
5256063902334076.0;6.953432468956121
5256063912438919.0;6.952504714571267
5256063922543763.0;6.951570189807361
5256063932647513.0;6.950628914592435
5256063942752357.0;6.949680908856645
5256063952857148.0;6.948726192532173
5256063962947148.0;6.947764785553114
5256063973051992.0;6.946796707855394
5256063983156784.0;6.94582197937667
5256063993248034.0;6.944840620056222
5256064003352930.0;6.943852649834845
5256064013457721.0;6.942858088654759
5256064023581836.0;6.94185695645951
5256064033686680.0;6.940849273193869
5256064043791471.0;6.93983505880373
5256064053895378.0;6.938814333235996
5256064064000221.0;6.937787116438482
5256064074104961.0;6.936753428359811
5256064084208190.0;6.935713288949313
5256064094312982.0;6.934666718156923
5256064104417773.0;6.9336137359330765
5256064114520430.0;6.932554362228584
5256064124625273.0;6.931488616994529
5256064134730065.0;6.930416520182157
5256064144832201.0;6.929338091742779
5256064154937044.0;6.928253351627676
5256064165041888.0;6.927162319788012
5256064175144648.0;6.926065016174748
5256064185249492.0;6.924961460738542
5256064195354232.0;6.923851673429644
5256064205472409.0;6.922735674197794
5256064215577253.0;6.921613482992134
5256064225682096.0;6.920485119761102
5256064235777878.0;6.919350604452332
5256064245882669.0;6.918209957012546
5256064255987513.0;6.917063197387452
5256064266092982.0;6.915910345521655
5256064276197773.0;6.914751421358562
5256064286302513.0;6.913586444840287
5256064296406523.0;6.912415435907557
5256064306511315.0;6.911238414499614
5256064316616055.0;6.9100554005541
5256064326726836.0;6.908866414006972
5256064336831628.0;6.9076714747924015
5256064346936367.0;6.906470602842667
5256064357026419.0;6.905263818088052
5256064367131211.0;6.904051140456762
5256064377235951.0;6.902832589874823
5256064387344805.0;6.901608186265986
5256064397449596.0;6.90037794955163
5256064407554284.0;6.899141899650677
5256064417651523.0;6.8979000564795045
5256064427756263.0;6.896652439951851
5256064437861055.0;6.895399069978716
5256064447973711.0;6.894139966468267
5256064458078503.0;6.89287514932574
5256064468183242.0;6.891604638453339
5256064478281159.0;6.890328453750131
5256064488385951.0;6.889046615111939
5256064498490690.0;6.887759142431234
5256064508603294.0;6.886466055597031
5256064518708086.0;6.88516737449479
5256064528812826.0;6.883863119006312
5256064538925586.0;6.882553309009643
5256064549030378.0;6.881237964378982
5256064559135117.0;6.879917104984595
5256064569232669.0;6.878590750692726
5256064579337409.0;6.877258921365498
5256064589442201.0;6.875921636860819
5256064599539544.0;6.8745789170322835
5256064609644336.0;6.873230781729073
5256064619749076.0;6.871877250795848
5256064629861523.0;6.870518344072636
5256064639966315.0;6.86915408139474
5256064650071055.0;6.867784482592647
5256064660167773.0;6.866409567491928
5256064670272513.0;6.865029355913137
5256064680377305.0;6.8636438676717155
5256064690476628.0;6.8622531225778935
5256064700581419.0;6.860857140436591
5256064710686159.0;6.85945594104732
5256064720836836.0;6.858049544204097
5256064730941576.0;6.856637969695346
5256064741046367.0;6.85522123730381
5256064751091263.0;6.85379936680645
5256064761196003.0;6.8523723779743415
5256064771300794.0;6.850940290572596
5256064781438607.0;6.849503124360263
5256064791543346.0;6.848060899090244
5256064801648138.0;6.846613634509199
5256064811737721.0;6.845161350357442
5256064821842513.0;6.843704066368856
5256064831947305.0;6.84224180227079
5256064842071628.0;6.840774577783966
5256064852176419.0;6.839302412622379
5256064862281159.0;6.837825326493195
5256064872368919.0;6.83634333909666
5256064882473711.0;6.8348564701260015
5256064892578451.0;6.83336473926732
5256064902694232.0;6.831868166199501
5256064912799023.0;6.830366770594121
5256064922903763.0;6.828860572115356
5256064932987044.0;6.8273495904198915
5256064943091836.0;6.825833845156836
5256064953196576.0;6.824313355967625
5256064963303294.0;6.822788142485926
5256064973408086.0;6.821258224337548
5256064983512826.0;6.819723621140355
5256064993625794.0;6.8181843525041685
5256065003730586.0;6.816640438030664
5256065013835326.0;6.815091897313277
5256065023945169.0;6.8135387499371065
5256065034049961.0;6.811981015478826
5256065044154701.0;6.81041871350659
5256065054251055.0;6.80885186357995
5256065064355846.0;6.8072804852497635
5256065074460586.0;6.8057045980581
5256065084562565.0;6.804124221538168
5256065094667357.0;6.8025393752142245
5256065104772096.0;6.800950078601483
5256065114897565.0;6.799356351206024
5256065125002357.0;6.7977582125247
5256065135107096.0;6.796155682045038
5256065145191471.0;6.794548779245153
5256065155296263.0;6.792937523593656
5256065165401003.0;6.79132193454957
5256065175510638.0;6.789702031562241
5256065185615430.0;6.78807783407123
5256065195720169.0;6.786449361506224
5256065205833815.0;6.784816633286932
5256065215938607.0;6.7831796688230055
5256065226043346.0;6.781538487513951
5256065236145690.0;6.779893108749046
5256065246250482.0;6.7782435519072335
5256065256355221.0;6.776589836357036
5256065266453711.0;6.7749319814564615
5256065276558398.0;6.77327000655292
5256065286663086.0;6.771603930983119
5256065296762044.0;6.769933774072975
5256065306866732.0;6.768259555137533
5256065316971419.0;6.7665812934808685
5256065327074336.0;6.764899008395993
5256065337179023.0;6.763212719164773
5256065347283711.0;6.7615224450578255
5256065357390586.0;6.7598282053344265
5256065367495273.0;6.75813001924242
5256065377599961.0;6.756427906018129
5256065387711055.0;6.754721884886263
5256065397815742.0;6.753011975059814
5256065407920430.0;6.751298195739978
5256065418014544.0;6.74958056611606
5256065428119232.0;6.747859105365387
5256065438223919.0;6.746133832653223
5256065448329023.0;6.744404767132666
5256065458433711.0;6.742671927944544
5256065468538398.0;6.740935334217339
5256065478645169.0;6.739195005067101
5256065488749857.0;6.737450959597366
5256065498854544.0;6.735703216899074
5256065508958711.0;6.733951796050496
5256065519063398.0;6.7321967161171505
5256065529168086.0;6.730437996151713
5256065539253919.0;6.728675655193935
5256065549358607.0;6.726909712270557
5256065559463294.0;6.725140186395225
5256065569584336.0;6.723367096568405
5256065579689023.0;6.721590461777299
5256065589793711.0;6.719810300995756
5256065599899961.0;6.718026633184183
5256065610004648.0;6.716239477289456
5256065620109336.0;6.714448852244836
5256065630209544.0;6.712654776969899
5256065640314232.0;6.710857270370454
5256065650418919.0;6.70905635133844
5256065660550534.0;6.707252038751825
5256065670655169.0;6.705444351474522
5256065680759857.0;6.703633308356299
5256065690855794.0;6.701818928232702
5256065700960482.0;6.700001229924976
5256065711065169.0;6.698180232239989
5256065721177357.0;6.696355953970131
5256065731281992.0;6.694528413893235
5256065741386732.0;6.692697630772487
5256065751531003.0;6.6908636233563366
5256065761635690.0;6.6890264103784185
5256065771740378.0;6.687186010557476
5256065781785690.0;6.685342442597284
5256065791890378.0;6.683495725186548
5256065801995065.0;6.681645876998823
5256065812094232.0;6.679792916692433
5256065822198919.0;6.677936862910391
5256065832303607.0;6.676077734280339
5256065842427461.0;6.674215549414475
5256065852532148.0;6.672350326909479
5256065862636836.0;6.670482085346427
5256065872740065.0;6.668610843290707
5256065882844753.0;6.6667366192919415
5256065892949440.0;6.6648594318839
5256065903058607.0;6.662979299584417
5256065913163294.0;6.661096240895321
5256065923267982.0;6.659210274302356
5256065933348190.0;6.6573214182750915
5256065943452878.0;6.655429691266849
5256065953557565.0;6.653535111714631
5256065963668607.0;6.651637698039039
5256065973773294.0;6.649737468644183
5256065983877982.0;6.64783444191761
5256065993976107.0;6.645928636230224
5256066004080794.0;6.644020069936204
5256066014185482.0;6.642108761372917
5256066024296003.0;6.64019472886082
5256066034400690.0;6.63827799070339
5256066044505378.0;6.636358565187049
5256066054613919.0;6.634436470581083
5256066064718607.0;6.632511725137559
5256066074823294.0;6.630584347091234
5256066084929336.0;6.628654354659479
5256066095034023.0;6.626721766042192
5256066105138711.0;6.624786599421726
5256066115233607.0;6.622848872962813
5256066125338294.0;6.6209086048124925
5256066135442982.0;6.6189658131000195
5256066145553711.0;6.6170205159367885
5256066155658398.0;6.615072731416257
5256066165763086.0;6.613122477613858
5256066175861055.0;6.611169772586932
5256066185965742.0;6.609214634374636
5256066196070430.0;6.607257080997874
5256066206189648.0;6.605297130459212
5256066216294336.0;6.603334800742813
5256066226399023.0;6.601370109814345
5256066236501940.0;6.599403075620905
5256066246606628.0;6.597433716090946
5256066256711315.0;6.595462049134194
5256066266815169.0;6.593488092641546
5256066276919857.0;6.591511864484988
5256066287024492.0;6.5895333825175255
5256066297121732.0;6.587552664573098
5256066307226419.0;6.585569728466505
5256066317331055.0;6.583584591993318
5256066327441211.0;6.581597272929805
5256066337545898.0;6.579607789032849
5256066347650534.0;6.577616158039859
5256066357742721.0;6.57562239766871
5256066367847409.0;6.573626525617669
5256066377952044.0;6.571628559565326
5256066388065169.0;6.569628517170514
5256066398169857.0;6.56762641607223
5256066408274492.0;6.565622273889563
5256066418362305.0;6.56361610822162
5256066428466992.0;6.561607936647438
5256066438571628.0;6.55959777672592
5256066448687044.0;6.557585645995769
5256066458791680.0;6.555571561975417
5256066468896367.0;6.553555542162951
5256066479010221.0;6.551537604036043
5256066489114909.0;6.549517765051875
5256066499219544.0;6.54749604264707
5256066509308190.0;6.545472454237626
5256066519412878.0;6.543447017218847
5256066529517513.0;6.541419748965248
5256066539615169.0;6.53939066683048
5256066549719857.0;6.537359788147258
5256066559824492.0;6.5353271302273
5256066569939753.0;6.533292710361257
5256066580044388.0;6.531256545818641
5256066590149076.0;6.529218653847748
5256066600254128.0;6.52717905167558
5256066610358815.0;6.525137756507773
5256066620463451.0;6.52309478552852
5256066630557565.0;6.521050155900496
5256066640662201.0;6.519003884764788
5256066650766888.0;6.516955989240816
5256066660969284.0;6.514906486426258
5256066671073919.0;6.512855393396985
5256066681178607.0;6.510802727206989
5256066691196211.0;6.508748504888305
5256066701300846.0;6.506692743450944
5256066711405534.0;6.50463545988283
5256066721563086.0;6.5025766711497255
5256066731667773.0;6.5005163941951665
5256066741772409.0;6.498454645940399
5256066751821003.0;6.496391443284317
5256066761925690.0;6.494326803103384
5256066772030326.0;6.492260742251553
5256066782155690.0;6.490193277560188
5256066792260378.0;6.488124425837995
5256066802365013.0;6.486054203870946
5256066812445898.0;6.483982628422215
5256066822550586.0;6.481909716232093
5256066832655221.0;6.47983548401793
5256066842778451.0;6.477759948474071
5256066852883138.0;6.47568312627178
5256066862987773.0;6.473605034059173
5256066873093398.0;6.4715256884611465
5256066883198086.0;6.469445106079307
5256066893302721.0;6.4673633034918945
5256066903406628.0;6.465280297253721
5256066913511315.0;6.463196103896103
5256066923615951.0;6.461110739926804
5256066933706732.0;6.459024221829965
5256066943811419.0;6.456936566066036
5256066953916055.0;6.454847789071701
5256066964017253.0;6.452757907259814
5256066974121940.0;6.450666937019319
5256066984226576.0;6.448574894715184
5256066994339648.0;6.446481796688337
5256067004444336.0;6.444387659255588
5256067014548971.0;6.442292498709554
5256067024652773.0;6.440196331318595
5256067034757461.0;6.438099173326754
5256067044862096.0;6.436001040953687
5256067054969648.0;6.433901950394595
5256067065074336.0;6.431801917820162
5256067075178971.0;6.429700959376492
5256067085284336.0;6.427599091185047
5256067095389023.0;6.4254963293425815
5256067105493659.0;6.4233926899210685
5256067115591471.0;6.421288188967632
5256067125696159.0;6.419182842504486
5256067135800794.0;6.417076666528864
5256067145912565.0;6.414969677012959
5256067156017253.0;6.4128618899038585
5256067166121888.0;6.41075332112349
5256067176218971.0;6.408643986568556
5256067186323659.0;6.406533902110464
5256067196428294.0;6.404423083595262
5256067206544232.0;6.402311546843581
5256067216648919.0;6.400199307650567
5256067226753555.0;6.398086381785809
5256067236849961.0;6.395972784993276
5256067246954648.0;6.393858532991257
5256067257059284.0;6.3917436414723
5256067267169961.0;6.389628126103145
5256067277274596.0;6.387512002524656
5256067287379180.0;6.385395286351764
5256067297474128.0;6.383277993173402
5256067307578763.0;6.3811601385524535
5256067317683346.0;6.3790417380256885
5256067327789753.0;6.376922807103704
5256067337894388.0;6.374803361270865
5256067347998971.0;6.372683415985238
5256067358094961.0;6.370562986678527
5256067368199596.0;6.368442088756003
5256067378304180.0;6.366320737596441
5256067388418919.0;6.364198948552053
5256067398523555.0;6.36207673694844
5256067408628138.0;6.359954118084525
5256067418757461.0;6.357831107232501
5256067428862096.0;6.355707719637772
5256067438966680.0;6.353583970518892
5256067449050638.0;6.351459875067507
5256067459155273.0;6.349335448448288
5256067469259857.0;6.347210705798882
5256067479362044.0;6.345085662229848
5256067489466680.0;6.342960332824606
5256067499571263.0;6.340834732639375
5256067509673294.0;6.3387088767031186
5256067519777930.0;6.33658278001749
5256067529882513.0;6.334456457556775
5256067539977773.0;6.332329924267824
5256067550082409.0;6.33020319506998
5256067560186992.0;6.328076284855022
5256067570286940.0;6.325949208487098
5256067580391576.0;6.323821980802666
5256067590496159.0;6.321694616610436
5256067600604388.0;6.319567130691311
5256067610708971.0;6.317439537798336
5256067620813607.0;6.315311852656642
5256067630920326.0;6.313184089963389
5256067641024961.0;6.311056264387709
5256067651129544.0;6.308928390570642
5256067661249076.0;6.3068004831250875
5256067671353763.0;6.304672556635744
5256067681458346.0;6.302544625659056
5256067691550951.0;6.300416704723165
5256067701655586.0;6.298288808327851
5256067711760169.0;6.2961609509444765
5256067721879232.0;6.294033147015932
5256067731983867.0;6.291905410956571
5256067742088451.0;6.2897777571521525
5256067752208398.0;6.287650199959782
5256067762313034.0;6.285522753707856
5256067772417617.0;6.283395432696008
5256067782514023.0;6.281268251195056
5256067792618659.0;6.2791412234469535
5256067802723242.0;6.277014363664741
5256067812807305.0;6.27488768603249
5256067822911940.0;6.2727612047052315
5256067833016523.0;6.270634933808902
5256067843118815.0;6.268508887440278
5256067853223451.0;6.266383079666921
5256067863328034.0;6.264257524527112
5256067873452148.0;6.262132236029794
5256067883556784.0;6.260007228154519
5256067893661367.0;6.2578825148513975
5256067903751003.0;6.2557581100410555
5256067913855638.0;6.2536340276145825
5256067923960221.0;6.2515102814334735
5256067934064232.0;6.249386885329569
5256067944168867.0;6.247263853105006
5256067954273451.0;6.24514119853217
5256067964397044.0;6.243018935353645
5256067974501628.0;6.240897077282173
5256067984606263.0;6.238775638000592
5256067994699753.0;6.236654631161801
5256068004804388.0;6.234534070388704
5256068014908971.0;6.232413969274158
5256068025022461.0;6.230294341380907
5256068035127096.0;6.228175200241533
5256068045231680.0;6.226056559358404
5256068055323138.0;6.223938432203631
5256068065427721.0;6.221820832219016
5256068075532357.0;6.219703772816008
5256068085640169.0;6.217587267375659
5256068095744805.0;6.2154713292485795
5256068105849388.0;6.213355971754883
5256068115953398.0;6.211241208184141
5256068126058034.0;6.209127051795331
5256068136162617.0;6.207013515816779
5256068146262148.0;6.204900613446117
5256068156366784.0;6.202788357850231
5256068166471367.0;6.2006767621652195
5256068176585690.0;6.1985658394963465
5256068186690326.0;6.196455602918007
5256068196794909.0;6.194346065473681
5256068206912461.0;6.192237240175893
5256068217017044.0;6.190129140006161
5256068227121680.0;6.188021777914938
5256068237211471.0;6.185915166821553
5256068247316055.0;6.183809319614164
5256068257420690.0;6.181704249149708
5256068267534388.0;6.179599968253851
5256068277639076.0;6.177496489720942
5256068287743763.0;6.175393826313965
5256068297836055.0;6.173291990764501
5256068307940742.0;6.171190995772677
5256068318045430.0;6.169090854007131
5256068328160065.0;6.166991578104967
5256068338264753.0;6.164893180671703
5256068348369440.0;6.162795674281229
5256068358462669.0;6.16069907147576
5256068368567357.0;6.158603384765785
5256068378671992.0;6.156508626630027
5256068388780794.0;6.154414809515396
5256068398885482.0;6.152321945836951
5256068408990169.0;6.150230047977855
5256068419079076.0;6.148139128289342
5256068429183763.0;6.146049199090678
5256068439288451.0;6.143960272669121
5256068449399336.0;6.141872361279875
5256068459504023.0;6.13978547714604
5256068469608711.0;6.137699632458576
5256068479717253.0;6.135614839376262
5256068489821940.0;6.133531110025664
5256068499926628.0;6.131448456501089
5256068510035169.0;6.129366890864552
5256068520139857.0;6.127286425145736
5256068530244544.0;6.12520707134196
5256068540340742.0;6.1231288414181355
5256068550445430.0;6.121051747306711
5256068560550117.0;6.118975800907637
5256068570649648.0;6.116901014088309
5256068580754336.0;6.114827398683523
5256068590858971.0;6.112754966495429
5256068600974440.0;6.11068372929349
5256068611079128.0;6.10861369881444
5256068621183815.0;6.10654488676224
5256068631307930.0;6.104477304808043
5256068641412617.0;6.1024109645901525
5256068651517305.0;6.100345877713984
5256068661602773.0;6.098282055752023
5256068671707461.0;6.09621951024377
5256068681812148.0;6.094158252695703
5256068691944128.0;6.092098294581227
5256068702048763.0;6.090039647340639
5256068712153503.0;6.087982322381084
5256068722216680.0;6.085926331076518
5256068732321419.0;6.083871684767676
5256068742426107.0;6.081818394762031
5256068752550846.0;6.079766472333766
5256068762655534.0;6.077715928723734
5256068772760221.0;6.075666775139429
5256068782860898.0;6.073619022754948
5256068792965586.0;6.071572682710944
5256068803070273.0;6.06952776611459
5256068813175378.0;6.067484284039538
5256068823280065.0;6.065442247525877
5256068833384753.0;6.0634016675800995
5256068843488919.0;6.061362555175063
5256068853593607.0;6.059324921249961
5256068863698294.0;6.057288776710284
5256068873785378.0;6.0552541324277955
5256068883890065.0;6.053220999240495
5256068893994753.0;6.051189387952591
5256068904115065.0;6.049159309334464
5256068914219753.0;6.047130774122633
5256068924324440.0;6.045103793019715
5256068934426940.0;6.043078376694394
5256068944531628.0;6.041054535781386
5256068954636315.0;6.039032280881402
5256068964753190.0;6.037011622561115
5256068974857878.0;6.0349925713531345
5256068984962513.0;6.032975137755974
5256068995057044.0;6.030959332234017
5256069005161732.0;6.028945165217488
5256069015266419.0;6.026932647102429
5256069025377878.0;6.024921788250671
5256069035482565.0;6.022912598989807
5256069045587253.0;6.020905089613157
5256069055688398.0;6.018899270379732
5256069065793086.0;6.0168951515142
5256069075897773.0;6.014892743206849
5256069086004023.0;6.012892055613551
5256069096108711.0;6.010893098855738
5256069106213398.0;6.008895883020375
5256069116304388.0;6.006900418159936
5256069126409076.0;6.004906714292377
5256069136513763.0;6.002914781401112
5256069146621836.0;6.000924629434986
5256069156726523.0;5.998936268308259
5256069166831211.0;5.996949707900579
5256069176941055.0;5.99496495805695
5256069187045742.0;5.992982028587703
5256069197150430.0;5.991000929268469
5256069207247148.0;5.989021669840148
5256069217351836.0;5.987044260008882
5256069227456471.0;5.985068709446025
5256069237569961.0;5.98309502778812
5256069247674648.0;5.9811232246368915
5256069257779336.0;5.979153309559216
5256069267886419.0;5.977185292087103
5256069277991003.0;5.975219181717687
5256069288095586.0;5.973254987913204
5256069298192253.0;5.971292720100969
5256069308296836.0;5.969332387673347
5256069318401419.0;5.967373999987728
5256069328508815.0;5.965417566366501
5256069338613398.0;5.963463096097023
5256069348717982.0;5.961510598431598
5256069358818555.0;5.959560082587444
5256069368923138.0;5.957611557746677
5256069379027721.0;5.955665033056288
5256069389132253.0;5.953720517628124
5256069399236836.0;5.9517780205388675
5256069409341419.0;5.949837550830015
5256069419455065.0;5.947899117507866
5256069429559648.0;5.945962729543504
5256069439664232.0;5.944028395872775
5256069449763607.0;5.94209612539627
5256069459868190.0;5.940165926979298
5256069469972773.0;5.938237809451864
5256069480075169.0;5.936311781608642
5256069490179753.0;5.934387852208954
5256069500284388.0;5.932466029976745
5256069510381211.0;5.930546323600567
5256069520485794.0;5.928628741733562
5256069530590378.0;5.9267132929934485
5256069540728607.0;5.924799985962502
5256069550833190.0;5.9228888291875466
5256069560937773.0;5.920979831179939
5256069571007409.0;5.919073000415559
5256069581111992.0;5.917168345334798
5256069591216628.0;5.915265874342539
5256069601346784.0;5.913365595808135
5256069611451367.0;5.911467518065398
5256069621555951.0;5.909571649412575
5256069631638086.0;5.907677998112332
5256069641742669.0;5.905786572391724
5256069651847253.0;5.903897380442187
5256069661968294.0;5.902010430419521
5256069672072878.0;5.900125730443877
5256069682177461.0;5.898243288599742
5256069692262878.0;5.896363112935932
5256069702367461.0;5.8944852114655735
5256069712472044.0;5.892609592166098
5256069722588919.0;5.890736262979219
5256069732693503.0;5.8888652318109305
5256069742798086.0;5.886996506531494
5256069752911628.0;5.885130094975432
5256069763016211.0;5.883266004941506
5256069773120794.0;5.8814042441927
5256069783208815.0;5.879544820456205
5256069793313398.0;5.877687741423406
5256069803417982.0;5.875833014749864
5256069813526732.0;5.87398064805531
5256069823631315.0;5.872130648923647
5256069833735898.0;5.870283024902927
5256069843828815.0;5.868437783505352
5256069853933398.0;5.866594932207259
5256069864037982.0;5.864754478449117
5256069874152305.0;5.862916429635518
5256069884256888.0;5.861080793135161
5256069894361471.0;5.859247576280857
5256069904472565.0;5.8574167863695115
5256069914577148.0;5.855588430662126
5256069924681732.0;5.853762516383788
5256069934790586.0;5.8519390507236535
5256069944895169.0;5.850118040834938
5256069954999753.0;5.848299493834907
5256069965115898.0;5.8464834168048645
5256069975220482.0;5.844669816790147
5256069985325065.0;5.842858700800117
5256069995409544.0;5.8410500758081545
5256070005514128.0;5.839243948751654
5256070015618711.0;5.837440326532021
5256070025736628.0;5.835639216014669
5256070035841211.0;5.833840624029019
5256070045945794.0;5.832044557368494
5256070056042565.0;5.830251022790517
5256070066147148.0;5.828460027016501
5256070076251732.0;5.826671576731854
5256070086353503.0;5.8248856785859715
5256070096458086.0;5.8231023391922285
5256070106562669.0;5.821321565127974
5256070116662044.0;5.8195433629345175
5256070126766628.0;5.8177677391171265
5256070136871211.0;5.815994700145026
5256070146982044.0;5.8142242524514
5256070157086628.0;5.812456402433391
5256070167191211.0;5.810691156452105
5256070177290898.0;5.8089285208326125
5256070187395482.0;5.8071685018639485
5256070197500065.0;5.8054111057991165
5256070207594336.0;5.803656338855095
5256070217698919.0;5.801904207212843
5256070227803503.0;5.8001547170173
5256070237924544.0;5.798407874377393
5256070248029128.0;5.796663685366031
5256070258133711.0;5.794922156020107
5256070268237253.0;5.7931832923404984
5256070278341836.0;5.791447100292072
5256070288446367.0;5.789713585803679
5256070298548294.0;5.787982754768163
5256070308652878.0;5.786254613042364
5256070318757409.0;5.784529166447109
5256070328863607.0;5.782806420767206
5256070338968138.0;5.7810863817514475
5256070349072721.0;5.779369055112611
5256070359164701.0;5.777654446527465
5256070369269284.0;5.775942561636765
5256070379373867.0;5.774233406045259
5256070389487982.0;5.772526985321691
5256070399592565.0;5.770823304998808
5256070409697096.0;5.769122370573364
5256070419825169.0;5.767424187506134
5256070429929701.0;5.7657287612219195
5256070440034284.0;5.764036097109561
5256070450109648.0;5.762346200521955
5256070460214232.0;5.760659076776055
5256070470318763.0;5.758974731152887
5256070480436836.0;5.7572931688975375
5256070490541419.0;5.755614395219166
5256070500645951.0;5.753938415291004
5256070510754648.0;5.752265234250354
5256070520859180.0;5.750594857198591
5256070530963763.0;5.748927289201161
5256070541076471.0;5.747262535287584
5256070551181055.0;5.7456006004514695
5256070561285586.0;5.743941489650519
5256070571388086.0;5.742285207806537
5256070581492617.0;5.740631759805451
5256070591597201.0;5.738981150497311
5256070601677773.0;5.737333384696305
5256070611782357.0;5.73568846718077
5256070621886888.0;5.734046402693208
5256070632031732.0;5.732407195940288
5256070642136315.0;5.730770851592871
5256070652240846.0;5.729137374286013
5256070662334961.0;5.727506768618992
5256070672439544.0;5.725879039155318
5256070682544076.0;5.724254190422746
5256070692642148.0;5.722632226913289
5256070702746732.0;5.721013153083222
5256070712851263.0;5.719396973353083
5256070722981107.0;5.717783692107689
5256070733085690.0;5.716173313696141
5256070743190221.0;5.7145658424318295
5256070753261107.0;5.712961282592454
5256070763365690.0;5.711359638420037
5256070773470221.0;5.7097609141209364
5256070783576107.0;5.708165113865862
5256070793680690.0;5.706572241789888
5256070803785221.0;5.704982301992479
5256070813887982.0;5.7033952985374965
5256070823992565.0;5.70181123545322
5256070834097096.0;5.700230116732366
5256070844216107.0;5.698651946332112
5256070854320690.0;5.697076728174113
5256070864425221.0;5.6955044661445156
5256070874547461.0;5.693935164093971
5256070884651992.0;5.6923688258376535
5256070894756576.0;5.690805455155281
5256070904842253.0;5.689245055791139
5256070914946836.0;5.687687631454103
5256070925051367.0;5.686133185817648
5256070935154753.0;5.6845817225198685
5256070945259336.0;5.683033245163492
5256070955363867.0;5.681487757315906
5256070965474701.0;5.679945262509167
5256070975579232.0;5.678405764240028
5256070985683815.0;5.676869265969951
5256070995781003.0;5.675335771125126
5256071005885586.0;5.673805283096491
5256071015990117.0;5.672277805239754
5256071026091471.0;5.670753340875421
5256071036196055.0;5.669231893288813
5256071046300586.0;5.6677134657300945
5256071056398711.0;5.666198061414298
5256071066503242.0;5.664685683521344
5256071076607826.0;5.663176335196062
5256071086712773.0;5.661670019548221
5256071096817357.0;5.660166739652548
5256071106921888.0;5.658666498548761
5256071117026628.0;5.657169299241584
5256071127131211.0;5.65567514470078
5256071137235742.0;5.6541840378611745
5256071147338815.0;5.6526959816226885
5256071157443398.0;5.651210978850365
5256071167547930.0;5.6497290323744025
5256071177651940.0;5.648250144990179
5256071187756523.0;5.646774319458263
5256071197861055.0;5.6453015585044355
5256071207971315.0;5.64383186481971
5256071218075846.0;5.64236524106035
5256071228180430.0;5.640901689847897
5256071238279805.0;5.639441213769189
5256071248384388.0;5.637983815376376
5256071258488919.0;5.636529497186956
5256071268599023.0;5.635078261683795
5256071278703659.0;5.633630111315156
5256071288808346.0;5.632185048494726
5256071298922982.0;5.6307430756016394
5256071309027617.0;5.6293041949805165
5256071319132305.0;5.627868408941488
5256071329220690.0;5.626435719760224
5256071339325326.0;5.625006129677963
5256071349430013.0;5.6235796409015535
5256071359531211.0;5.622156255603478
5256071369635846.0;5.620735975921903
5256071379740482.0;5.619318803960709
5256071389847721.0;5.617904741789534
5256071399952357.0;5.6164937914438084
5256071410056992.0;5.615085954924798
5256071420181523.0;5.613681234199635
5256071430286159.0;5.612279631201371
5256071440390794.0;5.610881147829005
5256071450471211.0;5.609485785947523
5256071460575846.0;5.608093547387945
5256071470680482.0;5.6067044339473675
5256071480800221.0;5.605318447389003
5256071490904857.0;5.6039355894422025
5256071501009492.0;5.602555861802487
5256071511096211.0;5.601179266131575
5256071521200846.0;5.599805804057415
5256071531305482.0;5.598435477174218
5256071541385169.0;5.597068287042487
5256071551489805.0;5.5957042351890545
5256071561594440.0;5.594343323107116
5256071571749544.0;5.59298555225626
5256071581854180.0;5.591630924062508
5256071591958815.0;5.590279439918345
5256071602068294.0;5.588931101182756
5256071612172930.0;5.587585909181269
5256071622277565.0;5.586243865205998
5256071632373398.0;5.5849049705156775
5256071642478034.0;5.583569226335695
5256071652582669.0;5.582236633858138
5256071662686523.0;5.580907194241836
5256071672791159.0;5.57958090861239
5256071682895794.0;5.578257778062214
5256071693012982.0;5.57693780365057
5256071703117617.0;5.575620986403611
5256071713222253.0;5.574307327314419
5256071723305378.0;5.572996827343052
5256071733410013.0;5.571689487416582
5256071743514648.0;5.570385308429146
5256071753609596.0;5.569084291241993
5256071763714232.0;5.5677864366835275
5256071773818867.0;5.56649174554935
5256071783939023.0;5.565200218602308
5256071794043659.0;5.563911856572536
5256071804148294.0;5.562626660157503
5256071814244544.0;5.561344630022064
5256071824349180.0;5.560065766798503
5256071834453815.0;5.558790071086578
5256071844556107.0;5.557517543453565
5256071854660742.0;5.5562481844343
5256071864765378.0;5.554981994531212
5256071874871419.0;5.55371897421436
5256071884976055.0;5.552459123921474
5256071895080690.0;5.551202444058
5256071905182148.0;5.549948934997148
5256071915286784.0;5.548698597079935
5256071925391419.0;5.54745143061523
5256071935497253.0;5.546207435879798
5256071945601888.0;5.544966613118349
5256071955706576.0;5.54372896254358
5256071965822461.0;5.542494484336221
5256071975927096.0;5.541263178645083
5256071986031732.0;5.540035045587098
5256071996129128.0;5.538810085247368
5256072006233763.0;5.537588297679216
5256072016338398.0;5.536369682904221
5256072026454232.0;5.535154240912272
5256072036558867.0;5.53394197166161
5256072046663503.0;5.53273287507888
5256072056756419.0;5.531526951059176
5256072066861055.0;5.530324199466088
5256072076965690.0;5.529124620131752
5256072087065065.0;5.527928212856894
5256072097169701.0;5.526734977410891
5256072107274336.0;5.525544913531826
5256072117383919.0;5.52435802092654
5256072127488555.0;5.52317429927068
5256072137593242.0;5.521993748208763
5256072147695586.0;5.520816367354223
5256072157800221.0;5.519642156289477
5256072167904857.0;5.5184711145659815
5256072178005898.0;5.517303241704296
5256072188110534.0;5.5161385371941325
5256072198215221.0;5.514977000494424
5256072208322148.0;5.513818631033375
5256072218426784.0;5.512663428208521
5256072228531419.0;5.511511391386785
5256072238641628.0;5.510362519904538
5256072248746263.0;5.509216813067658
5256072258850898.0;5.5080742701515835
5256072268970065.0;5.506934890401373
5256072279074857.0;5.505798673031764
5256072289179544.0;5.504665617227234
5256072299287461.0;5.503535722142063
5256072309392201.0;5.502408986900386
5256072319496940.0;5.501285410596248
5256072329583086.0;5.50016499229366
5256072339687826.0;5.499047731026655
5256072349792565.0;5.497933625799343
5256072359892357.0;5.496822675585962
5256072369997096.0;5.495714879330935
5256072380101836.0;5.494610235948917
5256072390198086.0;5.493508744324862
5256072400302826.0;5.49241040331407
5256072410407565.0;5.491315211742242
5256072420525065.0;5.490223168405533
5256072430629805.0;5.489134272070613
5256072440734544.0;5.488048521474726
5256072450846732.0;5.486965915325756
5256072460951471.0;5.485886452302287
5256072471056211.0;5.484810131053651
5256072481150742.0;5.483736950199992
5256072491255482.0;5.482666908332325
5256072501360221.0;5.48160000401259
5256072511501315.0;5.480536235773711
5256072521606055.0;5.4794756021196545
5256072531710794.0;5.478418101525493
5256072541767669.0;5.477363732437469
5256072551872409.0;5.476312493273051
5256072561977148.0;5.475264382420994
5256072572082669.0;5.4742193982414005
5256072582187409.0;5.4731775390657855
5256072592292148.0;5.472138803197138
5256072602420169.0;5.4711031889099875
5256072612524909.0;5.4700706944504685
5256072622629648.0;5.469041318036391
5256072632731107.0;5.4680150578573095
5256072642835846.0;5.466991912074592
5256072652940586.0;5.465971878821486
5256072663016315.0;5.464954956203188
5256072673121055.0;5.4639411422969015
5256072683225794.0;5.462930435151906
5256072693339388.0;5.46192283278962
5256072703444128.0;5.460918333203674
5256072713548867.0;5.459916934359983
5256072723675690.0;5.458918634196822
5256072733780430.0;5.457923430624893
5256072743885169.0;5.456931321527398
5256072753970794.0;5.455942304760109
5256072764075534.0;5.454956378151439
5256072774180273.0;5.453973539502509
5256072784290690.0;5.4529937865872204
5256072794395430.0;5.452017117152329
5256072804500169.0;5.451043528917512
5256072814604961.0;5.4500730195754405
5256072824709701.0;5.4491055867918545
5256072834814440.0;5.4481412282056345
5256072844918503.0;5.447179941428877
5256072855023242.0;5.446221724046963
5256072865127982.0;5.445266573618638
5256072875248086.0;5.444314487676087
5256072885352826.0;5.443365463725011
5256072895457565.0;5.442419499244703
5256072905541107.0;5.441476591688125
5256072915645846.0;5.440536738481984
5256072925750586.0;5.439599937026801
5256072935857878.0;5.43866618469698
5256072945962617.0;5.437735478840877
5256072956067357.0;5.436807816780877
5256072966187878.0;5.43588319581347
5256072976292617.0;5.434961613209331
5256072986397357.0;5.434043066213383
5256072996491836.0;5.433127552044875
5256073006604753.0;5.432215067897462
5256073016709544.0;5.431305610939279
5256073026814284.0;5.43039917831302
5256073036907357.0;5.429495767136024
5256073047012096.0;5.428595374500353
5256073057116836.0;5.427697997472872
5256073067231628.0;5.426803633095338
5256073077336367.0;5.425912278384486
5256073087441107.0;5.425023930332109
5256073097547148.0;5.424138585905143
5256073107651888.0;5.423256242045752
5256073117756628.0;5.422376895671401
5256073127857461.0;5.421500543674941
5256073137962201.0;5.420627182924686
5256073148066940.0;5.419756810264501
5256073158165169.0;5.418889422513881
5256073168269909.0;5.418025016468035
5256073178374648.0;5.417163588897977
5256073188484128.0;5.416305136550604
5256073198588867.0;5.415449656148783
5256073208693607.0;5.414597144391435
5256073218743190.0;5.4137475979536225
5256073228847930.0;5.4129010134866276
5256073238952669.0;5.412057387618037
5256073249107565.0;5.411216716951823
5256073259212305.0;5.410378998068427
5256073269317044.0;5.40954422752485
5256073279408398.0;5.408712401854738
5256073289513138.0;5.407883517568471
5256073299617878.0;5.407057571153245
5256073309726315.0;5.406234559073165
5256073319831055.0;5.405414477769333
5256073329935794.0;5.404597323659931
5256073340071107.0;5.403783093140318
5256073350175846.0;5.402971782583125
5256073360280586.0;5.402163388338333
5256073370343919.0;5.401357906733359
5256073380477878.0;5.400555334073146
5256073390582617.0;5.399755666640245
5256073400687357.0;5.398958900694907
5256073410784753.0;5.398165032475176
5256073420889492.0;5.397374058196983
5256073430994232.0;5.396585974054232
5256073441067253.0;5.395800776218894
5256073451172044.0;5.395018460841107
5256073461276732.0;5.394239024049273
5256073471420430.0;5.393462461950146
5256073481525169.0;5.392688770628925
5256073491629909.0;5.391917946149333
5256073501729909.0;5.391149984553706
5256073511834701.0;5.390384881863063
5256073521939440.0;5.389622634077187
5256073532028294.0;5.388863237174703
5256073542158555.0;5.388106687113157
5256073552263294.0;5.387352979829106
5256073562368034.0;5.386602111238196
5256073572468919.0;5.385854077235247
5256073582573659.0;5.385108873694327
5256073592678398.0;5.384366496468849
5256073602768503.0;5.383626941391642
5256073612873242.0;5.382890204275038
5256073622977982.0;5.382156280910954
5256073633094961.0;5.381425167070986
5256073643199701.0;5.380696858506496
5256073653304440.0;5.379971350948707
5256073663394805.0;5.379248640108794
5256073673499544.0;5.378528721677973
5256073683604284.0;5.377811591327602
5256073693709753.0;5.377097244709279
5256073703814492.0;5.376385677454922
5256073713919232.0;5.375676885176879
5256073724029440.0;5.374970863468017
5256073734134180.0;5.374267607901838
5256073744238919.0;5.3735671140325705
5256073754338398.0;5.372869377395275
5256073764443138.0;5.372174393505936
5256073774547878.0;5.371482157861563
5256073784661523.0;5.370792665940296
5256073794766263.0;5.3701059132014946
5256073804871003.0;5.369421895085831
5256073814966523.0;5.3687406070153925
5256073825071263.0;5.368062044393784
5256073835176003.0;5.367386202606233
5256073845280586.0;5.366713077019688
5256073855385326.0;5.366042662982912
5256073865490065.0;5.365374955826588
5256073875628086.0;5.364709950863417
5256073885732826.0;5.364047643388214
5256073895837565.0;5.3633880286780125
5256073905906419.0;5.362731101992163
5256073916011159.0;5.3620768585724425
5256073926115898.0;5.361425293643143
5256073936221732.0;5.360776402411179
5256073946326471.0;5.360130180066185
5256073956431211.0;5.359486621780618
5256073966542773.0;5.358845722709851
5256073976647513.0;5.358207477992273
5256073986752253.0;5.357571882749382
5256073996854232.0;5.3569389320858845
5256074006958971.0;5.356308621089787
5256074017063711.0;5.355680944832499
5256074027162148.0;5.355055898368923
5256074037266888.0;5.354433476737557
5256074047371628.0;5.353813674960597
5256074057477982.0;5.35319648804404
5256074067582721.0;5.3525819109777855
5256074077687461.0;5.351969938735734
5256074087787357.0;5.351360566275889
5256074097892096.0;5.350753788540454
5256074107996836.0;5.350149600455938
5256074118102565.0;5.349547996933253
5256074128207305.0;5.348948972867809
5256074138312044.0;5.34835252313962
5256074148406003.0;5.347758642613399
5256074158510742.0;5.347167326138645
5256074168615482.0;5.346578568549741
5256074178756732.0;5.345992364666045
5256074188861471.0;5.345408709291994
5256074198966211.0;5.3448275972172
5256074209028086.0;5.3442490232165545
5256074219168451.0;5.343672982050339
5256074229273242.0;5.34309946846433
5256074239377982.0;5.342528477189911
5256074249457461.0;5.341960002944176
5256074259562201.0;5.341394040430031
5256074269657721.0;5.340830584336305
5256074279762461.0;5.3402696293378495
5256074289867201.0;5.339711170095646
5256074300000169.0;5.339155201256914
5256074310104909.0;5.338601717455211
5256074320209648.0;5.338050713310543
5256074330283503.0;5.3375021834294625
5256074340388242.0;5.336956122405171
5256074350492982.0;5.336412524817627
5256074360595586.0;5.33587138523365
5256074370700326.0;5.3353326982070275
5256074380805065.0;5.334796458278623
5256074390899909.0;5.334262659976483
5256074401004648.0;5.333731297815943
5256074411109388.0;5.333202366299732
5256074421233346.0;5.332675859918082
5256074431338086.0;5.332151773148832
5256074441442878.0;5.33163010045754
5256074451546211.0;5.331110836297585
5256074461650951.0;5.33059397511027
5256074471755638.0;5.330079511324927
5256074481871003.0;5.329567439359019
5256074491975742.0;5.329057753618253
5256074502080482.0;5.32855044849668
5256074512176263.0;5.328045518376806
5256074522281055.0;5.32754295762969
5256074532385794.0;5.327042760615049
5256074542476055.0;5.326544921681359
5256074552580794.0;5.326049435165965
5256074562685534.0;5.325556295395179
5256074572801107.0;5.32506549668439
5256074582905846.0;5.3245770333381675
5256074593010586.0;5.32409089965037
5256074603139701.0;5.3236070899042485
5256074613244440.0;5.323125598372554
5256074623349180.0;5.3226464193176515
5256074633434805.0;5.322169546991626
5256074643539544.0;5.3216949756363885
5256074653644284.0;5.321222699483775
5256074663753919.0;5.32075271275564
5256074673858659.0;5.320285009663968
5256074683963398.0;5.319819584410967
5256074694060378.0;5.319356431189183
5256074704165117.0;5.318895544181606
5256074714269857.0;5.318436917561778
5256074724401315.0;5.317980545493901
5256074734506055.0;5.317526422132948
5256074744610794.0;5.3170745416247644
5256074754688711.0;5.316624898106172
5256074764793451.0;5.316177485705078
5256074774898190.0;5.315732298540583
5256074785013294.0;5.315289330723088
5256074795118034.0;5.314848576354402
5256074805222773.0;5.3144100295278545
5256074815325065.0;5.313973684328401
5256074825429805.0;5.313539534832723
5256074835534544.0;5.3131075751093295
5256074845632461.0;5.312677799218671
5256074855737201.0;5.312250201213244
5256074865841940.0;5.311824775137703
5256074875948294.0;5.3114015150289635
5256074886053034.0;5.310980414916303
5256074896157773.0;5.310561468821467
5256074906279857.0;5.310144670758779
5256074916384596.0;5.309730014735253
5256074926489336.0;5.309317494750699
5256074936574961.0;5.308907104797834
5256074946679701.0;5.308498838862386
5256074956784440.0;5.308092690923202
5256074966897773.0;5.3076886549523525
5256074977002513.0;5.3072867249152385
5256074987107253.0;5.3068868947706935
5256074997194648.0;5.30648915847109
5256075007299388.0;5.306093509962446
5256075017404128.0;5.30569994318453
5256075027518555.0;5.305308452070962
5256075037623294.0;5.3049190305493195
5256075047728034.0;5.304531672541243
5256075057828971.0;5.304146371962547
5256075067933711.0;5.30376312272333
5256075078038451.0;5.303381918728084
5256075088158711.0;5.303002753875804
5256075098263451.0;5.302625622060093
5256075108368190.0;5.302250517169268
5256075118455169.0;5.3018774330864655
5256075128559909.0;5.301506363689748
5256075138664648.0;5.301137302852217
5256075148766732.0;5.300770244442118
5256075158871471.0;5.300405182322953
5256075168976211.0;5.300042110353585
5256075179076940.0;5.29968102238835
5256075189181680.0;5.2993219122771595
5256075199286419.0;5.298964773865608
5256075209404336.0;5.298609600995077
5256075219509076.0;5.298256387502841
5256075229613815.0;5.297905127222174
5256075239707565.0;5.297555813982461
5256075249812305.0;5.297208441609301
5256075259917044.0;5.296863003924611
5256075270048190.0;5.29651949474673
5256075280152982.0;5.296177907890518
5256075290257721.0;5.295838237167463
5256075300358138.0;5.295500476385787
5256075310462930.0;5.295164619350545
5256075320567721.0;5.294830659863732
5256075330640482.0;5.2944985917243885
5256075340745273.0;5.294168408728706
5256075350850065.0;5.293840104670132
5256075360960482.0;5.293513673339484
5256075371065273.0;5.293189108525049
5256075381170013.0;5.2928664040127
5256075391274492.0;5.292545553585996
5256075401379284.0;5.292226551026297
5256075411484076.0;5.291909390112864
5256075421597096.0;5.291594064622974
5256075431701888.0;5.291280568332028
5256075441806680.0;5.290968895013653
5256075451935638.0;5.290659038439807
5256075462040430.0;5.290350992380888
5256075472145273.0;5.290044750605838
5256075482212930.0;5.289740306882245
5256075492317721.0;5.289437654976454
5256075502422513.0;5.289136788653669
5256075512553346.0;5.288837701678056
5256075522658190.0;5.288540387812852
5256075532762930.0;5.288244840820462
5256075542881680.0;5.287951054462565
5256075552986523.0;5.287659022500219
5256075563091263.0;5.2873687386939645
5256075573169753.0;5.287080196803928
5256075583274544.0;5.286793390589925
5256075593379336.0;5.286508313811567
5256075603482253.0;5.286224960228378
5256075613586992.0;5.285943323599899
5256075623691836.0;5.285663397685796
5256075633788659.0;5.285385176245961
5256075643893503.0;5.285108653040624
5256075653998294.0;5.284833821830461
5256075664109648.0;5.2845606763767
5256075674214388.0;5.284289210441227
5256075684319232.0;5.284019417786685
5256075694418711.0;5.2837512921765795
5256075704523503.0;5.2834848273753865
5256075714628242.0;5.2832200171486585
5256075724753190.0;5.282956855263127
5256075734857982.0;5.282695335486808
5256075744962773.0;5.2824354515891025
5256075755041159.0;5.282177197340908
5256075765146003.0;5.281920566514711
5256075775250794.0;5.281665552884687
5256075785360586.0;5.281412150226793
5256075795465326.0;5.281160352318868
5256075805570169.0;5.280910152940728
5256075815669076.0;5.280661545874268
5256075825773919.0;5.280414524903557
5256075835878659.0;5.2801690838149336
5256075845991628.0;5.279925216397108
5256075856096367.0;5.279682916441257
5256075866201211.0;5.279442177741139
5256075876296784.0;5.279202994093193
5256075886401628.0;5.278965359296652
5256075896506367.0;5.278729267153643
5256075906610534.0;5.278494711469296
5256075916715326.0;5.278261686051845
5256075926820117.0;5.27803018471273
5256075936929023.0;5.277800201266693
5256075947033763.0;5.277571729531886
5256075957138607.0;5.2773447633299675
5256075967245951.0;5.277119296486216
5256075977350742.0;5.276895322829624
5256075987455482.0;5.276672836192997
5256075997560273.0;5.276451830413052
5256076007674909.0;5.27623229933052
5256076017779701.0;5.276014236790246
5256076027884544.0;5.27579763664129
5256076037974336.0;5.275582492737019
5256076048079128.0;5.275368798935212
5256076058183867.0;5.275156549098156
5256076068294753.0;5.27494573709275
5256076078399544.0;5.274736356790605
5256076088504336.0;5.2745284020681495
5256076098594753.0;5.2743218668067335
5256076108699544.0;5.274116744892726
5256076118804284.0;5.273913030217614
5256076128922253.0;5.273710716678096
5256076139027044.0;5.273509798176185
5256076149131784.0;5.273310268619305
5256076159232669.0;5.273112121920381
5256076169337461.0;5.272915351997938
5256076179442201.0;5.2727199527761925
5256076189536940.0;5.272525918185149
5256076199641732.0;5.272333242160695
5256076209746523.0;5.272141918644692
5256076219818294.0;5.271951941585076
5256076229923086.0;5.271763304935952
5256076240027826.0;5.271576002657689
5256076250181419.0;5.271390028717011
5256076260286159.0;5.271205377087089
5256076270369388.0;5.271022041747635
5256076280474180.0;5.270840016685
5256076290578971.0;5.270659295892262
5256076300711940.0;5.270479873369325
5256076310816732.0;5.27030174312301
5256076320921471.0;5.2701248991671505
5256076330997044.0;5.269949335522686
5256076341101784.0;5.269775046217752
5256076351206576.0;5.269602025287774
5256076361371992.0;5.269430266775554
5256076371476784.0;5.269259764731369
5256076381581576.0;5.269090513213061
5256076391640221.0;5.26892250628613
5256076401745013.0;5.268755738023823
5256076411849805.0;5.268590202507215
5256076421958555.0;5.268425893825305
5256076432063346.0;5.268262806075103
5256076442168138.0;5.268100933361722
5256076452257721.0;5.267940269798468
5256076462362513.0;5.267780809506934
5256076472467357.0;5.26762254661709
5256076482574180.0;5.267465475267378
5256076492679023.0;5.267309589604795
5256076502783763.0;5.267154883784985
5256076512907409.0;5.267001351972335
5256076523012201.0;5.266848988340064
5256076533116992.0;5.266697787070309
5256076543201576.0;5.266547742354208
